LidNr;Naam;Voornaam;Achternaam;Tussenvoegsel;Adres;Woonplaats;Postcode;Mobiel;Telefoon;BondsNr;Geslacht;GeboorteDatum;Leeftijd;Email1;Email2;LidType;LidBond;CompGerechtigd;LeeftijdCat;BetaalWijze;LidVanaf;Opgezegd;LidTot;PakketTot;Medisch;Ouder1_Naam;Ouder1_Email1;Ouder1_Email2;Ouder1_Mobiel;Ouder1_Telefoon;Ouder2_Naam;Ouder2_Email1;Ouder2_Email2;Ouder2_Mobiel;Ouder2_Telefoon
"331";"Abrahams, Moreno";"Moreno";"Abrahams";"";"Dorp 276";"BENSCHOP";"3405BL";"";"06-48387098";"3932183";"M";"20020723";"11";"jootje@jootje.com";"yuri.abrahams@facebook.com";"N";"J";"J";"PUP 1";"I";"20091106";"N";"";"";"";"Yuri";"yuri@the-clinic.nl";"";"";"";"Jolanda";"";"";"";""
"356";"Alblas, Martijn";"Martijn";"Alblas";"";"Gerbrandypark 7";"NIEUWEGEIN";"3437JW";"06-23634489";"030-2682032";"3997735";"M";"19880412";"25";"";"";"N";"J";"J";"SEN";"I";"20110830";"N";"";"";"";"";"";"";"";"";"";"";"";"";""
"159";"Alphen Hopman, Rita van";"Rita";"Alphen Hopman";"van";"Louis Couperushove 29";"NIEUWEGEIN";"3438HL";"";"030-6036567";"3471608";"V";"19510130";"62";"hoppie51@casema.nl";"";"V";"N";"N";"SEN";"R";"20020101";"N";"";"";"";"";"";"";"";"";"";"";"";"";""
"1";"Alphen, Jan van";"Jan";"Alphen";"van";"Louis Couperushove 29";"NIEUWEGEIN";"3438HL";"06-55694238";"030-6036567";"2461600";"M";"19460608";"67";"alphen46@hotmail.com";"";"N";"J";"J";"SEN";"R";"19800101";"N";"";"";"";"";"";"";"";"";"";"";"";"";""
"2";"Band, Rein";"Rein";"Band";"";"Braamgaarde 33";"NIEUWEGEIN";"3436GM";"";"030-6039700";"2824971";"M";"19470421";"66";"";"";"N";"J";"N";"SEN";"R";"19910601";"N";"";"";"";"";"";"";"";"";"";"";"";"";""
"173";"Bednarczyk, Ewa";"Ewa";"Bednarczyk";"";"Orpheuslaan 46";"NIEUWEGEIN";"3438VW";"";"030-6055889";"3597917";"M";"19950718";"18";"pixiepetje@hotmail.com";"";"N";"J";"J";"SEN 1";"I";"20020501";"N";"";"";"";"";"";"";"";"";"";"";"";"";""
"111";"Bednarczyk, Marek";"Marek";"Bednarczyk";"";"Orpheuslaan 46";"NIEUWEGEIN";"3438VW";"";"030-6055889";"3366887";"M";"19600419";"53";"bednarczyk@zonnet.nl";"";"N";"J";"J";"SEN";"I";"20000301";"N";"";"";"";"";"";"";"";"";"";"";"";"";""
"242";"Bednarczyk, Natalia";"Natalia";"Bednarczyk";"";"Orpheuslaan 46";"NIEUWEGEIN";"3438VW";"06-42324695";"030-6055889";"3788372";"V";"19971231";"15";"ailatan@live.nl";"";"N";"N";"N";"JUN 2";"I";"20060920";"N";"";"";"";"";"bednarczyk@zonnet.nl";"";"";"";"";"";"";"";""
"326";"Beek, Cody van";"Cody";"Beek";"van";"Herman Teirlinckhove 13";"NIEUWEGEIN";"3437BL";"";"030-6050765";"3975199";"M";"19941013";"19";"beekie94@hotmail.com";"";"N";"J";"J";"SEN";"I";"20091002";"N";"";"";"";"";"";"";"";"";"";"";"";"";""
"5";"Biezen, Jan van de";"Jan";"Biezen";"van de";"Hermelijnweide 6";"NIEUWEGEIN";"3437TV";"";"030-6031981";"0854174";"M";"19340919";"79";"j.vandebiezen@ziggo.nl";"";"N";"J";"J";"SEN";"R";"19650101";"N";"";"";"";"";"";"";"";"";"";"";"";"";""
"60";"Blanken, Bart den";"Bart";"Blanken";"den";"Mennersweide 24";"NIEUWEGEIN";"3437DR";"";"030-6035118";"3291804";"M";"19880320";"25";"b.denblanken@gmail.com";"";"N";"J";"J";"SEN";"I";"19980201";"N";"";"";"";"";"";"";"";"";"";"";"";"";""
"6";"Bleeker, Henk";"Henk";"Bleeker";"";"Graaf Dudosingel 8";"NIEUWEGEIN";"3434RA";"";"030-6064207";"1511355";"M";"19550911";"58";"henk@hbleeker.nl";"";"N";"N";"N";"SEN";"R";"19810101";"N";"";"";"";"";"";"";"";"";"";"";"";"";""
"389";"Bodenstaff, Frank";"Frank";"Bodenstaff";"";"De Milan Viscontilaan 25";"DE MEERN";"3453RM";"";"06-51179066";"3901328";"M";"19760616";"37";"cenf.bodenstaff@kpnplanet.nl";"";"N";"J";"J";"SEN";"I";"20121101";"N";"";"";"";"";"";"";"";"";"";"";"";"";""
"365";"Boheemen, Vera van";"Vera";"Boheemen";"van";"Vredebestlaan 9";"NIEUWEGEIN";"3431CG";"06-30206980";"030-6301035";"3894084";"V";"19991223";"14";"vera-vb@hotmail.com";"";"N";"N";"N";"CAD 2";"I";"20120122";"N";"";"";"";"";"pietwillemien@casema.nl";"";"";"";"";"";"";"";""
"256";"Bosboom, Joris";"Joris";"Bosboom";"";"Hemelvuur 43";"DE MEERN";"3454SP";"06-13239794";"030-6666329";"2950463";"M";"19610927";"52";"joris.bosboom@xs4all.nl";"";"N";"J";"J";"SEN";"I";"20070527";"N";"";"";"";"";"";"";"";"";"";"";"";"";""
"311";"Braster, Sven";"Sven";"Braster";"";"Barteldsgaarde 11";"NIEUWEGEIN";"3436RK";"";"030-2898710";"3915416";"M";"19980618";"15";"svenbraster@hotmail.com";"";"N";"N";"N";"JUN 1";"I";"20090320";"N";"";"";"Medisch";"";"brigittebraster@casema.nl";"";"";"";"";"";"";"";""
"393";"Bree, Jurre de";"Jurre";"Bree";"de";"Pieter Aerstenhage 108";"NIEUWEGEIN";"3437NW";"06-20031691";"030-6046484";"4055366";"M";"20040609";"9";"jurre@debree.eu";"";"P";"N";"N";"WLP 1";"I";"20121114";"N";"";"20131122";"";"Lonneke";"fam@debree.eu";"";"";"";"";"";"";"";""
"394";"Brenninkmeyer, Timo";"Timo";"Brenninkmeyer";"";"Kafmolenweide 3";"NIEUWEGEIN";"3437XS";"06-30726438";"030-7558557";"";"M";"20011230";"11";"timobrenn@hotmail.com";"";"P";"N";"N";"PUP 2";"I";"19000101";"N";"";"20140101";"Migraine";"";"karinasertons@hotmail.com";"";"";"";"";"";"";"";""
"383";"Clement, Ernstjan";"Ernstjan";"Clement";"";"Kruijderlaan 154";"NIEUWEGEIN";"3431BT";"06-41148544";"030-6046353";"4047452";"M";"19981008";"15";"a.clement45@ziggo.nl";"";"N";"J";"N";"JUN 1";"I";"20120920";"N";"";"";"";"";"";"";"";"";"";"";"";"";""
"372";"Cramer, Lex";"Lex";"Cramer";"";"Malrovegaarde 6";"NIEUWEGEIN";"3436JK";"06-20606037";"06-20606037";"4058534";"M";"20020617";"11";"";"";"N";"J";"J";"PUP 1";"I";"20120301";"N";"";"";"";"";"g.cramer@rn.rabobank.nl";"";"";"";"";"";"";"";""
"333";"Delissen, Oscar";"Oscar";"Delissen";"";"Merwedeplantsoen 53";"UTRECHT";"3522JZ";"06-18157749";"030-2888832";"3829500";"M";"19970207";"16";"delissenwijten@zonnet.nl";"";"N";"J";"J";"JUN 2";"I";"20091221";"N";"";"";"";"";"";"";"";"";"";"";"";"";""
"266";"Doorn, Sanne van";"Sanne";"Doorn";"van";"Ringfazant 75";"NIEUWEGEIN";"3435SG";"06-30727377";"06-19436642";"3829128";"M";"19891020";"24";"sanne_tweety@hotmail.com";"";"N";"J";"J";"SEN";"I";"20070921";"N";"";"";"";"";"";"";"";"";"";"";"";"";""
"402";"Drijfhout, Coen";"Coen";"Drijfhout";"";"Melvill van Cainbeelaan 9";"DRIEBERGEN RIJSENB";"3971BA";"";"0343-755408";"3991145";"M";"19971023";"16";"cdrijfhout@detinne.nl";"";"N";"J";"J";"JUN 2";"I";"20130720";"N";"";"";"ADHD/PDD NOS";"";"h.drijfhout@asuadvies.nl";"";"";"";"";"";"";"";""
"10";"Dubbers, Sandra";"Sandra";"Dubbers";"";"Herenstraat 77";"NIEUWEGEIN";"3431CA";"";"030-6031398";"3076953";"V";"19830207";"30";"sandra_dubbers@live.nl";"";"N";"J";"J";"SEN";"I";"19940401";"N";"";"";"";"";"";"";"";"";"";"";"";"";""
"305";"Esterik, Darrel van";"Darrel";"Esterik";"van";"Lavendelhof 14";"NIEUWEGEIN";"3434XS";"06-29439954";"030-6066283";"3905885";"M";"19850904";"28";"dvestk85@live.nl";"";"N";"J";"J";"SEN";"I";"20090209";"N";"";"";"";"";"";"";"";"";"";"";"";"";""
"74";"Etten, Jan van";"Jan";"Etten";"van";"Pr. Dr. Hesselaan 39";"NIEUWEGEIN";"3431CE";"";"030-6000177";"3246281";"M";"19531018";"60";"jan.vanetten@live.nl";"";"N";"J";"J";"SEN";"R";"19980701";"N";"";"";"";"";"";"";"";"";"";"";"";"";""
"13";"Fassotte, Wim";"Wim";"Fassotte";"";"Serenadelaan 4";"NIEUWEGEIN";"3438TC";"";"030-6039773";"2291314";"M";"19380124";"75";"wim.fassotte@hetnet.nl";"";"V";"J";"N";"SEN";"I";"19970101";"N";"";"";"";"";"";"";"";"";"";"";"";"";""
"374";"Fokkenrood, Mitch";"Mitch";"Fokkenrood";"";"Kasteeldrift 29";"NIEUWEGEIN";"3436TL";"06-24299425";"";"4042088";"M";"19981110";"15";"";"";"N";"J";"J";"JUN 1";"I";"20120708";"N";"";"";"";"";"marinatemming@hotmail.com";"";"";"";"";"";"";"";""
"202";"Frericks, Henno";"Henno";"Frericks";"";"Prof. Dr. Hesselaan 25";"NIEUWEGEIN";"3431CD";"06-44242956";"030-6031703";"3707368";"M";"19940810";"19";"henno.frericks@telfort.nl";"";"N";"J";"N";"SEN";"I";"20040516";"N";"";"";"";"";"";"";"";"";"";"";"";"";""
"382";"Geijtenbeek, Youri";"Youri";"Geijtenbeek";"";"Postwagendrift 17";"NIEUWEGEIN";"3436AZ";"0641450913";"06-42216751";"";"M";"20000609";"13";"wilmavanschaik@yahoo.com";"";"N";"N";"N";"CAD 1";"I";"20120920";"N";"";"";"";"";"edgeijtenbeek@gmail.com";"";"";"";"";"";"";"";""
"373";"Gozems, Bert";"Bert";"Gozems";"";"Gerbrandypark 25";"NIEUWEGEIN";"3437JW";"-";"030-6063414";"4039572";"M";"19560618";"57";"gozems79@ziggo.nl";"";"N";"J";"J";"SEN";"I";"20120708";"N";"";"";"";"";"";"";"";"";"";"";"";"";""
"108";"Grimmelikhuijzen, Daniël";"Daniël";"Grimmelikhuijzen";"";"Wielewaal 34";"NIEUWEGEIN";"3435AR";"";"030-6049620";"3366706";"M";"19861018";"27";"danielgjg@hotmail.com";"";"N";"J";"J";"SEN";"I";"19991201";"N";"";"";"";"";"";"";"";"";"";"";"";"";""
"14";"Groenen, Rob";"Rob";"Groenen";"";"Judithsgaarde 3";"NIEUWEGEIN";"3436RG";"";"030-6035634";"1060744";"M";"19510622";"62";"rac.groenen@gmail.com";"";"N";"J";"J";"SEN";"I";"19780101";"N";"";"";"";"";"";"";"";"";"";"";"";"";""
"321";"Grondhuis, Cor";"Cor";"Grondhuis";"";"Doctor Schaepmanstraat 35";"NIEUWEGEIN";"3438AW";"06-27054311";"030-6032635";"3078002";"M";"19460226";"67";"cor.grondhuis@casema.nl";"";"N";"J";"N";"SEN";"I";"20090818";"N";"";"";"";"";"";"";"";"";"";"";"";"";""
"257";"Haas, Rens de";"Rens";"Haas";"de";"Looplantsoen 104";"UTRECHT";"3523GW";"";"030-2894980";"3739195";"M";"19930625";"20";"rensdehaas@telfort.nl";"";"N";"J";"N";"SEN";"I";"20070527";"N";"";"";"";"";"";"";"";"";"";"";"";"";""
"127";"Hagen, Roel";"Roel";"Hagen";"";"Rembrandthage 472";"NIEUWEGEIN";"3437PC";"";"030-6000059";"3452361";"M";"19431022";"70";"roel.hagen@sarah-p.nl";"";"N";"J";"N";"SEN";"I";"20001201";"J";"20131231";"";"";"";"";"";"";"";"";"";"";"";""
"17";"Heidema, Martijn";"Martijn";"Heidema";"";"Jule Stijnstraat 96";"UTRECHT";"3543DS";"";"030-6886040";"3541356";"M";"19771017";"36";"tafeltennis@malin.nl";"";"Z";"J";"N";"SEN";"I";"20040521";"N";"";"";"";"";"";"";"";"";"";"";"";"";""
"364";"Heiningen, Koen van";"Koen";"Heiningen";"van";"Utrechtseweg 18";"IJSSELSTEIN UT";"3402PL";"";"06-15321322";"4023327";"M";"19991215";"14";"";"";"N";"J";"N";"CAD 2";"I";"20120122";"N";"";"";"";"";"paulien1967@gmail.com";"";"";"";"";"";"";"";""
"194";"Hendriks, Danny";"Danny";"Hendriks";"";"Zwaardenburg 1";"NIEUWEGEIN";"3437RH";"";"030-6030000";"2880969";"M";"19690331";"44";"danmir.henheu@planet.nl";"";"N";"J";"J";"SEN";"I";"20040117";"N";"";"";"";"";"";"";"";"";"";"";"";"";""
"396";"Hengst, Ruben";"Ruben";"Hengst";"";"Nedereindseweg 219";"NIEUWEGEIN";"3438AC";"06-12912492";"030-6033403";"4062800";"M";"20000825";"13";"rubenhengst@gmail.com";"";"P";"J";"N";"CAD 1";"I";"20121220";"N";"";"20140101";"4062800";"";"";"";"";"";"";"";"";"";""
"377";"Holtman, Eric";"Eric";"Holtman";"";"Bankstede 26";"NIEUWEGEIN";"3431HN";"06-36115168";"030-6037733";"3945283";"M";"19550325";"58";"holtmanpost_memo@hotmail.com";"";"N";"J";"J";"SEN";"I";"20120701";"N";"";"";"";"";"";"";"";"";"";"";"";"";""
"54";"Hoogendijk, Daam";"Daam";"Hoogendijk";"";"Hermelijnweide 9";"NIEUWEGEIN";"3437TV";"";"030-6048091";"3197741";"M";"19841115";"29";"daam@insension.com";"";"N";"J";"J";"SEN";"I";"19970801";"N";"";"";"";"";"";"";"";"";"";"";"";"";""
"184";"Horssen, Henny van";"Henny";"Horssen";"van";"Gerrit Achterberghove 2";"NIEUWEGEIN";"3437ZE";"";"030-6047521";"2572370";"M";"19631104";"50";"Henny.vanhorssen@gmail.com";"";"N";"J";"N";"SEN";"I";"20030101";"N";"";"";"";"";"";"";"";"";"";"";"";"";""
"371";"Horssen, Vivianne van";"Vivianne";"Horssen";"van";"Gerrit Achterberghove 2";"NIEUWEGEIN";"3437ZE";"06-46024067";"0306047521";"";"M";"20041206";"9";"vivianne.vanhorssen@gmail.com";"";"N";"N";"N";"WLP 1";"I";"20120207";"N";"";"";"";"";"henny.vanhorssen@gmail.com";"";"";"";"";"";"";"";""
"219";"Jansen, Jan Willem";"Jan Willem";"Jansen";"";"Aart van der Leeuwlaan 33";"DE MEERN";"3454LB";"";"06-42310234";"3050737";"M";"19761218";"37";"jwjansen@mch.nl";"";"N";"J";"J";"SEN";"I";"20050823";"N";"";"";"";"";"";"";"";"";"";"";"";"";""
"220";"Jansen, John";"John";"Jansen";"";"Schaepmanstraat 14";"BENSCHOP";"3404HT";"06-42310234";"";"3078175";"M";"19740729";"39";"jjansen@besix.com";"";"N";"J";"J";"SEN";"I";"20050823";"N";"";"";"";"";"";"";"";"";"";"";"";"";""
"258";"Jansen, Roy";"Roy";"Jansen";"";"Opaalweg 17";"UTRECHT";"3523RJ";"06-13849102";"030-2511394";"3513955";"M";"19910515";"22";"royjansen1@hotmail.com";"";"N";"J";"J";"SEN";"I";"20070604";"N";"";"";"";"";"tlieverse@wanadoo.nl";"";"";"";"";"";"";"";""
"247";"Jekel, Deborah";"Deborah";"Jekel";"";"Diligencedrift 15";"NIEUWEGEIN";"3436AW";"";"030-2802578";"3815137";"V";"19951205";"18";"gewoon-deborah@hotmail.com";"";"N";"J";"J";"SEN 1";"I";"20070101";"N";"";"";"";"";"";"";"";"";"";"";"";"";""
"307";"Kader, Gino";"Gino";"Kader";"";"P.W. Alexanderdijk 75";"IJSSELSTEIN UT";"3402PK";"06-45306056";"030-2900748";"3926352";"M";"20001023";"13";"";"";"N";"J";"J";"CAD 1";"I";"20090303";"N";"";"";"06-41767376";"";"kader2@kabelfoon.nl";"";"";"";"";"";"";"";""
"23";"Kielen, Wim";"Wim";"Kielen";"";"Rembrandthage 420";"NIEUWEGEIN";"3437PC";"06-52676140";"030-6013611";"3198048";"M";"19660317";"47";"wim@kielen.nl";"";"N";"J";"N";"SEN";"I";"19970301";"N";"";"";"";"";"";"";"";"";"";"";"";"";""
"222";"Kreuger, Suzanne";"Suzanne";"Kreuger";"";"Zilverfazant 7";"NIEUWEGEIN";"3435SK";"06-42248065";"030-6041386";"";"V";"19900322";"23";"susannekreuger@hotmail.com";"";"N";"N";"N";"SEN";"R";"20050914";"N";"";"";"";"";"";"";"";"";"";"";"";"";""
"403";"Kruijf, Tommy de";"Tommy";"Kruijf";"de";"Kamperveste 46";"Nieuwegein";"3432BD";"06-28637181";"";"4038788";"M";"20010508";"12";"";"";"N";"N";"N";"PUP 2";"U";"20130812";"N";"";"";"";"Jolande";"jolandedekruijf@gmail.com";"";"";"";"";"";"";"";""
"232";"Lindenaar, Martin";"Martin";"Lindenaar";"";"Anne Franklaan 18";"BILTHOVEN";"3721PK";"06-23450115";"030-2286355";"2951613";"M";"19530514";"60";"martin.lindenaar@ziggo.nl";"";"N";"J";"N";"SEN";"I";"20091221";"N";"";"";"";"";"";"";"";"";"";"";"";"";""
"141";"Lissenberg, Herman";"Herman";"Lissenberg";"";"Keizersmantelhof 14";"UTRECHT";"3544VJ";"";"030-6031078";"3453799";"M";"19480214";"65";"-";"";"N";"J";"N";"SEN";"I";"20010601";"N";"";"";"";"";"";"";"";"";"";"";"";"";""
"290";"Loon, Mariska van";"Mariska";"Loon";"van";"Gravin Catharinalaan 46";"NIEUWEGEIN";"3434DE";"06-40634595";"030-6061986";"3598206";"V";"19921108";"21";"gwn_marisz@hotmail.com";"";"N";"J";"N";"SEN";"I";"20080829";"N";"";"";"";"";"";"";"";"";"";"";"";"";""
"390";"Mansi, Marco";"Marco";"Mansi";"";"Derde Westerparklaan 335";"UTRECHT";"3544NH";"";"06-29210755";"3861853";"M";"19800728";"33";"marco@mansi.nl";"";"N";"J";"J";"SEN";"I";"20121025";"N";"";"";"";"";"";"";"";"";"";"";"";"";""
"166";"Marijn, Peter";"Peter";"Marijn";"";"Prof. Dr. Bakkerlaan 12";"NIEUWEGEIN";"3431EK";"";"030-6032384";"3512349";"M";"19900629";"23";"peter_marijn@hotmail.com";"";"Z";"J";"N";"SEN";"I";"20020101";"N";"";"";"";"";"";"";"";"";"";"";"";"";""
"53";"Michies, Ton";"Ton";"Michies";"";"Rembrandthage 294";"NIEUWEGEIN";"3437PB";"";"030-6040457";"3197678";"M";"19491016";"64";"t.michies@ziggo.nl";"";"N";"J";"J";"SEN";"R";"19970901";"N";"";"";"";"";"";"";"";"";"";"";"";"";""
"360";"Mohamed Kamel, Semmi";"Semmi";"Mohamed Kamel";"";"Televisiebaan 71";"IJSSELSTEIN UT";"3402VB";"";"06-81878051";"4016817";"M";"19990222";"14";"";"";"N";"J";"J";"CAD 2";"U";"20110922";"N";"";"";"";"Gitte";"gitteaboulaila@hotmail.com";"";"";"";"";"";"";"";""
"324";"Nieuwendijk, Erwin";"Erwin";"Nieuwendijk";"";"Moerashoeve 11";"NIEUWEGEIN";"3438LE";"06-16887649";"";"3989554";"M";"19621104";"51";"erwinhpg7@gmail.com";"";"N";"J";"N";"SEN";"I";"20091002";"N";"";"";"";"";"";"";"";"";"";"";"";"";""
"254";"Nieuwendijk, Patrick";"Patrick";"Nieuwendijk";"";"Rembrandthage 61";"NIEUWEGEIN";"3438JJ";"";"030-6090871";"3835925";"M";"20000303";"13";"erwinhpg7@gmail.com";"";"N";"J";"N";"CAD 1";"I";"20070409";"N";"";"";"100 euro";"";"lucy.nieuwendijk@gmail.com";"";"";"";"";"";"";"";""
"157";"Nieuwkerk, Arie van";"Arie";"Nieuwkerk";"van";"Oortjesburg 84";"NIEUWEGEIN";"3437SX";"";"030-6040172";"2707640";"M";"19391228";"73";"avannieuwkerk@tiscali.nl";"";"N";"N";"N";"SEN";"R";"20020101";"N";"";"";"";"";"";"";"";"";"";"";"";"";""
"32";"Nonhof, Teun";"Teun";"Nonhof";"";"Bombardonlaan 21";"NIEUWEGEIN";"3438RN";"";"030-6046036";"2850972";"M";"19400531";"73";"";"";"N";"J";"N";"SEN";"R";"19930301";"N";"";"";"";"";"";"";"";"";"";"";"";"";""
"33";"Oosthoek, Ruud";"Ruud";"Oosthoek";"";"Bodenheimlaan 2";"NIEUWEGEIN";"3431RB";"";"030-6039398";"2618184";"M";"19561203";"57";"pleurop@oosthoek99.demon.nl";"";"N";"J";"J";"SEN";"I";"19900901";"N";"";"";"";"";"";"";"";"";"";"";"";"";""
"140";"Oostveen, Paul";"Paul";"Oostveen";"";"Ossewagendrift 13";"NIEUWEGEIN";"3436AE";"06-36126101";"030-6040992";"3452400";"M";"19891122";"24";"paul_oostveen@hotmail.com";"";"N";"J";"N";"SEN";"I";"20010401";"N";"";"";"";"";"";"";"";"";"";"";"";"";""
"406";"Overbeek, Finn";"Finn";"Overbeek";"";"Stijn Streuvelshove 53";"NIEUWEGEIN";"3437BC";"06-27474928";"030-6054808";"";"M";"20061011";"7";"";"";"N";"N";"N";"WLP -1";"I";"20130929";"N";"";"";"";"Kim Hendriks";"kim.hendriks@casema.nl";"";"";"";"";"";"";"";""
"208";"Patz, Eli";"Eli";"Patz";"";"Kameraarsweide 3";"NIEUWEGEIN";"3437CB";"";"030-6032256";"3723144";"M";"19341108";"79";"eliaspatz@casema.nl";"";"N";"J";"N";"SEN";"I";"20050201";"N";"";"";"";"";"";"";"";"";"";"";"";"";""
"376";"Peper, Douwe";"Douwe";"Peper";"";"Nassaulaan 3 a";"DOORN";"3941EC";"06-42438778";"0343-416890";"4002428";"M";"20000226";"13";"";"";"N";"J";"J";"CAD 1";"I";"20120708";"N";"";"";"";"";"m.dehont@planet.nl";"";"";"";"";"";"";"";""
"400";"Pijl, Richard";"Richard";"Pijl";"";"Lemmingweide 1";"NIEUWEGEIN";"3437TS";"";"06-27025529";"";"M";"19580206";"55";"halter@online.nl";"";"N";"N";"N";"SEN";"I";"20130127";"N";"";"";"";"";"";"";"";"";"";"";"";"";""
"362";"Rakké, Nimrod";"Nimrod";"Rakké";"";"Croesestraat 43 b";"UTRECHT";"3522AB";"06-25274563";"030-2888753";"3745950";"M";"19960915";"17";"nimrodrak@hotmail.com";"";"N";"J";"J";"JUN 3";"I";"20110915";"N";"";"";"";"";"a.rakke@eduwise.nl";"";"";"";"";"";"";"";""
"126";"Roos, Alannah de";"Alannah";"Roos";"de";"Martinusgaarde 2";"NIEUWEGEIN";"3436RD";"";"030-6048944";"3452379";"V";"19901112";"23";"RoosA_Rose@hotmail.com";"";"N";"J";"N";"SEN";"I";"20001101";"N";"";"";"";"";"";"";"";"";"";"";"";"";""
"179";"Rutten, Jaap";"Jaap";"Rutten";"";"Martinusgaarde 18";"NIEUWEGEIN";"3436RE";"";"030-6053837";"3574341";"M";"19910823";"22";"jaaprutten@planet.nl";"";"N";"J";"J";"SEN";"I";"20020901";"N";"";"";"";"";"";"";"";"";"";"";"";"";""
"399";"Sahtout, Mounir";"Mounir";"Sahtout";"";"Herteweide 51";"NIEUWEGEIN";"3437EN";"";"06-57041504";"4062795";"M";"20031109";"10";"a.elfalah@hotmail.com";"";"P";"J";"J";"WLP 2";"I";"20130127";"N";"";"20140101";"";"";"";"";"";"";"";"";"";"";""
"354";"Schinkel, Hidde";"Hidde";"Schinkel";"";"Mandenmaker 42";"IJSSELSTEIN UT";"3401TG";"06-13053807";"030-6872442";"3997426";"M";"20000420";"13";"hans.schinkel@tiscali.nl";"";"N";"J";"J";"CAD 1";"I";"20110425";"N";"";"";"";"";"";"";"";"";"";"";"";"";""
"318";"Schmitt, Jaxon";"Jaxon";"Schmitt";"";"Bieslookgaarde 3";"NIEUWEGEIN";"3436HA";"";"030-6040235";"3923299";"M";"19970918";"16";"jaxon@us2u.nl";"";"N";"J";"N";"JUN 2";"I";"20090614";"N";"";"";"";"";"michel@us2u.nl";"";"";"";"";"";"";"";""
"317";"Schmitt, Youri";"Youri";"Schmitt";"";"Bieslookgaarde 3";"NIEUWEGEIN";"3436HA";"";"030-6040235";"3923281";"M";"19991015";"14";"youri@us2u.nl";"";"N";"J";"N";"CAD 2";"I";"20090614";"N";"";"";"";"";"michel@us2u.nl";"";"";"";"";"";"";"";""
"270";"Seldenrijk, Rob";"Rob";"Seldenrijk";"";"Multatulistraat 73";"VLEUTEN";"3415AR";"06-44229072";"030-6772223";"3620833";"M";"19960527";"17";"robseldenrijk@hotmail.com";"";"N";"J";"J";"JUN 3";"I";"20071204";"N";"";"";"geen bond/compbijdrage";"";"ruthenmarjo@casema.nl";"";"";"";"";"";"";"";""
"369";"Spengen, John van";"John";"Spengen";"van";"Valeriaan 53";"IJSSELSTEIN UT";"3401LC";"";"06-26178605";"3566699";"M";"19780801";"35";"johnvanspengen@hotmail.com";"";"Z";"N";"N";"SEN";"I";"20120124";"N";"";"";"";"";"";"";"";"";"";"";"";"";""
"380";"Stokkel, Martijn";"Martijn";"Stokkel";"";"Joh. Vermeerhage 46";"NIEUWEGEIN";"3437NM";"06-27456564";"030-6045512";"4055358";"M";"19871209";"26";"martijn_stokkel@hotmail.com";"";"N";"J";"J";"SEN";"I";"20120909";"N";"";"";"";"";"";"";"";"";"";"";"";"";""
"359";"Strookman, Robin";"Robin";"Strookman";"";"Johannes Vermeerhage 27";"NIEUWEGEIN";"3437NM";"06-17764421";"06-48543939";"4025531";"M";"20030618";"10";"robinstrookman@hotmail.com";"";"N";"J";"J";"WLP 2";"I";"20110921";"N";"";"";"";"";"jacco@strookmanadvies.nl";"";"";"";"";"";"";"";""
"381";"Sukuti, Jaimy";"Jaimy";"Sukuti";"";"Damhertweide 9";"NIEUWEGEIN";"3437CE";"06-30570674";"030-6032352";"4047460";"M";"20010421";"12";"";"";"N";"J";"J";"PUP 2";"I";"20120909";"N";"";"";"";"";"salihentamara@scarlet.nl";"";"";"";"";"";"";"";""
"368";"Turgut, Sarah";"Sarah";"Turgut";"";"Kersegaarde 36";"NIEUWEGEIN";"3436GD";"";"06-24876473";"";"V";"20040405";"9";"";"";"N";"N";"N";"WLP 1";"I";"20120122";"N";"";"";"";"";"turgut_m@hotmail.com";"";"";"";"";"";"";"";""
"43";"Tuyl, John van";"John";"Tuyl";"van";"Oosterhoffpark 4";"LOPIK";"3411ZL";"06-54933499";"0348-554882";"2707616";"M";"19630622";"50";"john@electronicprintcenter.nl";"";"V";"N";"N";"SEN";"R";"19920101";"N";"";"";"";"";"";"";"";"";"";"";"";"";""
"386";"Uyleman, Bruce";"Bruce";"Uyleman";"";"Tilburgdrift 8";"NIEUWEGEIN";"3436AT";"06-50295037";"030-6039519";"4070374";"M";"20021002";"11";"";"";"N";"J";"J";"PUP 1";"I";"20121018";"N";"";"";"";"";"paulenvera@gmail.com";"";"";"";"";"";"";"";""
"45";"Veen, Frits van";"Frits";"Veen";"van";"Venkelgaarde 19";"NIEUWEGEIN";"3436KT";"";"030-6043757";"2439263";"M";"19460224";"67";"f.c.vanveen@planet.nl";"";"N";"J";"J";"SEN";"R";"19650101";"N";"";"";"";"";"";"";"";"";"";"";"";"";""
"384";"Veenstra, Lukas";"Lukas";"Veenstra";"";"Elisabethgaarde 2";"NIEUWEGEIN";"3436RH";"";"030-2238328";"";"M";"20021206";"11";"";"";"N";"N";"N";"PUP 1";"I";"20120901";"N";"";"";"";"";"leonie.veenstra.vdbreul@gmail.com";"";"";"";"";"";"";"";""
"221";"Veldhuijzen, Tom";"Tom";"Veldhuijzen";"";"Lunenburg 21";"IJSSELSTEIN UT";"3401HT";"06-46583212";"030-6873402";"3733644";"M";"19911104";"22";"tom_veldhuijzen@hotmail.com";"";"N";"J";"J";"SEN";"I";"20050914";"N";"";"";"";"";"";"";"";"";"";"";"";"";""
"46";"Verkaik, Piet";"Piet";"Verkaik";"";"H. Kruijderlaan 68";"NIEUWEGEIN";"3431BR";"";"030-6031496";"0160240";"M";"19401014";"73";"pamaropet@ziggo.nl";"";"N";"J";"N";"SEN";"I";"19650101";"N";"";"";"";"";"";"";"";"";"";"";"";"";""
"47";"Verkuijl, Rob";"Rob";"Verkuijl";"";"Aidalaan 27";"NIEUWEGEIN";"3438VB";"06-28974977";"030-6034313";"2707624";"M";"19531211";"60";"robverkuijl@planet.nl";"";"N";"N";"N";"SEN";"I";"20020901";"N";"";"";"";"";"";"";"";"";"";"";"";"";""
"404";"Versloot, Maarten";"Maarten";"Versloot";"";"Waterviolier 112";"Montfoort";"3417RB";"06-57688355";"0348-475238";"3638797";"M";"19920123";"21";"maartenversloot@hotmail.com";"";"Z";"N";"N";"SEN";"I";"20130827";"N";"";"";"";"";"";"";"";"";"";"";"";"";""
"294";"Waal, Martijn de";"Martijn";"Waal";"de";"Melissegaarde 29";"NIEUWEGEIN";"3436HZ";"06-40874986";"030-6977411";"3882972";"M";"19960518";"17";"mrjdewaal@hotmail.com";"";"N";"J";"J";"JUN 3";"I";"20080928";"N";"";"";"Naam moeder: Wensing";"";"rtmwensing@hotmail.com";"";"";"";"";"";"";"";""
"347";"Waal, Renske de";"Renske";"Waal";"de";"Melissegaarde 29";"NIEUWEGEIN";"3436HZ";"06-40874986";"030-6977411";"4077025";"V";"20011229";"11";"";"";"N";"J";"J";"PUP 2";"I";"20101012";"N";"";"";"";"";"rtmwensing@hotmail.com";"";"";"";"";"";"";"";""
"375";"Wannet, Jasper";"Jasper";"Wannet";"";"Batiewseweg 35";"LOPIKERKAPEL";"3412KX";"06-43261291";"0348-553551";"4035277";"M";"20010826";"12";"j.j.wannet@kpnmail.nl";"";"N";"J";"J";"PUP 2";"I";"20120708";"N";"";"";"";"";"m.wannet@growconsult.nl";"";"";"";"";"";"";"";""
"357";"Warringa, Robin";"Robin";"Warringa";"";"Graaf Leopoldlaan 13";"NIEUWEGEIN";"3434SH";"06-15855220";"030-8795595";"3997743";"M";"19820828";"31";"robinwarringa@hotmail.com";"";"N";"J";"J";"SEN";"I";"20110830";"N";"";"";"";"";"";"";"";"";"";"";"";"";""
"115";"Witteman, Alex";"Alex";"Witteman";"";"Anne de Vrieshove 40";"NIEUWEGEIN";"3437ZB";"";"030-6040328";"3383017";"M";"19880115";"25";"Alexwitteman162@hotmail.com";"";"N";"J";"J";"SEN";"I";"19990301";"N";"";"";"";"";"";"";"";"";"";"";"";"";""
"231";"Wouterse, Alan";"Alan";"Wouterse";"";"Wenckebachplantsoen 161";"NIEUWEGEIN";"3431TD";"";"030-6033029";"3774080";"M";"19781229";"34";"a.wouterse@casema.nl";"";"N";"J";"N";"SEN";"I";"20060615";"N";"";"";"";"";"";"";"";"";"";"";"";"";""
"405";"Zelderen, Sharon van";"Sharon";"Zelderen";"van";"Lopikerweg Oost 100A";"Lopik";"3411LW";"06-23876385";"0348-551990";"3755002";"V";"19980227";"15";"sharonvanzelderen@hotmail.com";"";"N";"N";"N";"JUN 1";"I";"20130916";"N";"";"";"";"";"famvzelderen@hetnet.nl";"";"";"";"";"";"";"";""
